timestamp,language,level,topic,lesson_kind,lesson_id,exercise_index,error_type,error_message,exercise_data
2025-07-14T18:40:25.223473,French,Advanced,Polite expressions and etiquette,pairs,9bb98963-ac93-4146-9e3e-98a0cfe50c56,0,ValidationError,"Too few valid pairs (1), skipping batch insertion","[{""English"": ""Thank you very much (formal)"", ""French"": ""Je vous remercie beaucoup""}]"
2025-07-14T18:40:25.225907,French,Advanced,Polite expressions and etiquette,pairs,63be0533-b171-4ac3-a98d-3a04ca270036,0,ValidationError,"Too few valid pairs (1), skipping batch insertion","[{""English"": ""Thank you very much (formal)"", ""French"": ""Je vous remercie beaucoup""}]"
2025-07-14T18:40:25.227571,French,Advanced,Polite expressions and etiquette,pairs,34ba7dad-5c29-4bad-a1ae-3990b77d5766,0,ValidationError,"Too few valid pairs (1), skipping batch insertion","[{""English"": ""Thank you very much (formal)"", ""French"": ""Je vous remercie beaucoup""}]"
2025-07-14T18:40:25.229208,French,Advanced,Polite expressions and etiquette,pairs,ab3e2f05-560d-4228-b982-ab9d0bc3507c,0,ValidationError,"Too few valid pairs (1), skipping batch insertion","[{""English"": ""Thank you very much (formal)"", ""French"": ""Je vous remercie beaucoup""}]"
2025-07-14T18:40:25.230283,French,Advanced,Polite expressions and etiquette,pairs,3775cdc2-b6fb-4a52-b045-311acad6f197,0,ValidationError,"Too few valid pairs (1), skipping batch insertion","[{""English"": ""Thank you very much (formal)"", ""French"": ""Je vous remercie beaucoup""}]"
2025-07-14T18:40:25.231133,French,Advanced,Polite expressions and etiquette,pairs,5947ca5c-23cc-4f47-89f5-11c755313840,0,ValidationError,"Too few valid pairs (1), skipping batch insertion","[{""English"": ""Thank you very much (formal)"", ""French"": ""Je vous remercie beaucoup""}]"
2025-07-14T18:40:25.232042,French,Advanced,Polite expressions and etiquette,pairs,236d6999-e355-4a34-906e-bb8fc9342221,0,ValidationError,"Too few valid pairs (1), skipping batch insertion","[{""English"": ""Thank you very much (formal)"", ""French"": ""Je vous remercie beaucoup""}]"
2025-07-14T18:40:25.232892,French,Advanced,Polite expressions and etiquette,pairs,8dea81c9-5dd5-4ce6-9ed2-67ee42d70110,0,ValidationError,"Too few valid pairs (1), skipping batch insertion","[{""English"": ""Thank you very much (formal)"", ""French"": ""Je vous remercie beaucoup""}]"
2025-07-14T18:40:25.233836,French,Advanced,Polite expressions and etiquette,pairs,9a547e24-2c98-4914-806e-2da3d94c9c64,0,ValidationError,"Too few valid pairs (1), skipping batch insertion","[{""English"": ""Thank you very much (formal)"", ""French"": ""Je vous remercie beaucoup""}]"
2025-07-14T18:40:25.234683,French,Advanced,Polite expressions and etiquette,pairs,d89dda8b-2ce2-4450-999f-982ab5767245,0,ValidationError,"Too few valid pairs (1), skipping batch insertion","[{""English"": ""Thank you very much (formal)"", ""French"": ""Je vous remercie beaucoup""}]"
2025-07-14T21:32:39.444607,Ukrainian,Intermediate,Cooking and recipes,pairs,d2ae3a57-a8bb-485e-86d2-c682fb3e68ea,0,ValidationError,"Too few valid pairs (1), skipping batch insertion","[{""English"": ""to stir"", ""Ukrainian"": ""\u043f\u0435\u0440\u0435\u043c\u0456\u0448\u0443\u0432\u0430\u0442\u0438""}]"
2025-07-14T21:32:39.446800,Ukrainian,Intermediate,Cooking and recipes,pairs,0d2cba0e-f931-4176-afef-985e28aa2f74,0,ValidationError,"Too few valid pairs (1), skipping batch insertion","[{""English"": ""to stir"", ""Ukrainian"": ""\u043f\u0435\u0440\u0435\u043c\u0456\u0448\u0443\u0432\u0430\u0442\u0438""}]"
2025-07-14T21:32:39.448882,Ukrainian,Intermediate,Cooking and recipes,pairs,7c35f4fd-4f19-4b61-bfdb-b25e4b8aadbd,0,ValidationError,"Too few valid pairs (1), skipping batch insertion","[{""English"": ""to stir"", ""Ukrainian"": ""\u043f\u0435\u0440\u0435\u043c\u0456\u0448\u0443\u0432\u0430\u0442\u0438""}]"
2025-07-14T21:32:39.450930,Ukrainian,Intermediate,Cooking and recipes,pairs,0bddcb7e-92dc-409b-94de-942ac2b98afb,0,ValidationError,"Too few valid pairs (1), skipping batch insertion","[{""English"": ""to stir"", ""Ukrainian"": ""\u043f\u0435\u0440\u0435\u043c\u0456\u0448\u0443\u0432\u0430\u0442\u0438""}]"
2025-07-14T21:32:39.453520,Ukrainian,Intermediate,Cooking and recipes,pairs,f78f61a6-0613-4bc6-97bc-af4f992187ef,0,ValidationError,"Too few valid pairs (1), skipping batch insertion","[{""English"": ""to stir"", ""Ukrainian"": ""\u043f\u0435\u0440\u0435\u043c\u0456\u0448\u0443\u0432\u0430\u0442\u0438""}]"
2025-07-14T21:32:39.455818,Ukrainian,Intermediate,Cooking and recipes,pairs,cd81ba1c-464f-467e-a8cb-9f7875a2b536,0,ValidationError,"Too few valid pairs (1), skipping batch insertion","[{""English"": ""to stir"", ""Ukrainian"": ""\u043f\u0435\u0440\u0435\u043c\u0456\u0448\u0443\u0432\u0430\u0442\u0438""}]"
2025-07-14T21:32:39.457842,Ukrainian,Intermediate,Cooking and recipes,pairs,9f7abe63-d0f5-417d-8a10-d0d9e3db8491,0,ValidationError,"Too few valid pairs (1), skipping batch insertion","[{""English"": ""to stir"", ""Ukrainian"": ""\u043f\u0435\u0440\u0435\u043c\u0456\u0448\u0443\u0432\u0430\u0442\u0438""}]"
2025-07-14T21:32:39.460004,Ukrainian,Intermediate,Cooking and recipes,pairs,f2b6fd23-ab18-4b7f-b861-7b7d1ae64702,0,ValidationError,"Too few valid pairs (1), skipping batch insertion","[{""English"": ""to stir"", ""Ukrainian"": ""\u043f\u0435\u0440\u0435\u043c\u0456\u0448\u0443\u0432\u0430\u0442\u0438""}]"
2025-07-14T21:32:39.462318,Ukrainian,Intermediate,Cooking and recipes,pairs,27e4fce7-a851-46c5-b6fc-39a4ff7afaf9,0,ValidationError,"Too few valid pairs (1), skipping batch insertion","[{""English"": ""to stir"", ""Ukrainian"": ""\u043f\u0435\u0440\u0435\u043c\u0456\u0448\u0443\u0432\u0430\u0442\u0438""}]"
2025-07-14T21:32:39.464615,Ukrainian,Intermediate,Cooking and recipes,pairs,45fb2c29-eb4d-4602-aca6-f5463a3cc269,0,ValidationError,"Too few valid pairs (1), skipping batch insertion","[{""English"": ""to stir"", ""Ukrainian"": ""\u043f\u0435\u0440\u0435\u043c\u0456\u0448\u0443\u0432\u0430\u0442\u0438""}]"
2025-07-14T21:52:13.193490,Ukrainian,Intermediate,Pharmacy needs,conversations,1fe24387-0a5f-4d59-b09d-4d33179feca1,N/A,GenerationError,"1 validation error for ConversationExercise
conversation
  List should have at least 2 items after validation, not 0 [type=too_short, input_value=[], input_type=list]
    For further information visit https://errors.pydantic.dev/2.11/v/too_short",Failed after 5 attempts
2025-07-14T21:52:13.203951,Ukrainian,Intermediate,Pharmacy needs,conversations,85fa0ee3-a552-4acf-8ce1-3300ffc1aa54,N/A,GenerationError,"1 validation error for ConversationExercise
conversation
  List should have at least 2 items after validation, not 0 [type=too_short, input_value=[], input_type=list]
    For further information visit https://errors.pydantic.dev/2.11/v/too_short",Failed after 5 attempts
2025-07-14T21:52:13.212275,Ukrainian,Intermediate,Pharmacy needs,conversations,0d73e784-9eb5-44a4-a7dd-38701ccca224,N/A,GenerationError,"1 validation error for ConversationExercise
conversation
  List should have at least 2 items after validation, not 0 [type=too_short, input_value=[], input_type=list]
    For further information visit https://errors.pydantic.dev/2.11/v/too_short",Failed after 5 attempts
2025-07-14T21:52:13.218435,Ukrainian,Intermediate,Pharmacy needs,conversations,b4c7509f-455e-49ea-8420-81eed91541c7,N/A,GenerationError,"1 validation error for ConversationExercise
conversation
  List should have at least 2 items after validation, not 0 [type=too_short, input_value=[], input_type=list]
    For further information visit https://errors.pydantic.dev/2.11/v/too_short",Failed after 5 attempts
2025-07-14T21:52:13.221507,Ukrainian,Intermediate,Pharmacy needs,conversations,5e2017c1-fe10-4e88-948c-f34a570aaca3,N/A,GenerationError,"1 validation error for ConversationExercise
conversation
  List should have at least 2 items after validation, not 0 [type=too_short, input_value=[], input_type=list]
    For further information visit https://errors.pydantic.dev/2.11/v/too_short",Failed after 5 attempts
2025-07-14T21:52:13.223704,Ukrainian,Intermediate,Pharmacy needs,conversations,42ea3038-b6ce-4370-9793-68f7cdd083e0,N/A,GenerationError,"1 validation error for ConversationExercise
conversation
  List should have at least 2 items after validation, not 0 [type=too_short, input_value=[], input_type=list]
    For further information visit https://errors.pydantic.dev/2.11/v/too_short",Failed after 5 attempts
2025-07-14T21:52:13.225940,Ukrainian,Intermediate,Pharmacy needs,conversations,292eb585-e8f3-4e40-b2ee-eeddacbc1696,N/A,GenerationError,"1 validation error for ConversationExercise
conversation
  List should have at least 2 items after validation, not 0 [type=too_short, input_value=[], input_type=list]
    For further information visit https://errors.pydantic.dev/2.11/v/too_short",Failed after 5 attempts
2025-07-14T21:52:13.227840,Ukrainian,Intermediate,Pharmacy needs,conversations,891c8b91-a4c2-45ce-8835-2f42bf1e8ef6,N/A,GenerationError,"1 validation error for ConversationExercise
conversation
  List should have at least 2 items after validation, not 0 [type=too_short, input_value=[], input_type=list]
    For further information visit https://errors.pydantic.dev/2.11/v/too_short",Failed after 5 attempts
2025-07-14T21:52:13.229974,Ukrainian,Intermediate,Pharmacy needs,conversations,93431573-22ef-4de8-9dd1-e76b0ec4aac5,N/A,GenerationError,"1 validation error for ConversationExercise
conversation
  List should have at least 2 items after validation, not 0 [type=too_short, input_value=[], input_type=list]
    For further information visit https://errors.pydantic.dev/2.11/v/too_short",Failed after 5 attempts
2025-07-14T21:52:13.232064,Ukrainian,Intermediate,Pharmacy needs,conversations,fe66fe98-f13d-4e0e-89ce-8240c961c599,N/A,GenerationError,"1 validation error for ConversationExercise
conversation
  List should have at least 2 items after validation, not 0 [type=too_short, input_value=[], input_type=list]
    For further information visit https://errors.pydantic.dev/2.11/v/too_short",Failed after 5 attempts
2025-07-14T22:32:12.758976,Ukrainian,Advanced,Polite expressions and etiquette,pairs,e7a23765-30fb-4fc2-942d-9030dc3ee351,0,ValidationError,"Too few valid pairs (1), skipping batch insertion","[{""English"": ""Please excuse my tardiness"", ""Ukrainian"": ""\u0412\u0438\u0431\u0430\u0447\u0442\u0435 \u0437\u0430 \u0437\u0430\u043f\u0456\u0437\u043d\u0435\u043d\u043d\u044f""}]"
2025-07-14T22:32:12.761762,Ukrainian,Advanced,Polite expressions and etiquette,pairs,d498c8dd-d5c8-4513-a21c-468adcfbcb23,0,ValidationError,"Too few valid pairs (1), skipping batch insertion","[{""English"": ""Please excuse my tardiness"", ""Ukrainian"": ""\u0412\u0438\u0431\u0430\u0447\u0442\u0435 \u0437\u0430 \u0437\u0430\u043f\u0456\u0437\u043d\u0435\u043d\u043d\u044f""}]"
2025-07-14T22:32:12.763824,Ukrainian,Advanced,Polite expressions and etiquette,pairs,fd3691f3-ce1d-4ec1-9790-5b75690ec9f8,0,ValidationError,"Too few valid pairs (1), skipping batch insertion","[{""English"": ""Please excuse my tardiness"", ""Ukrainian"": ""\u0412\u0438\u0431\u0430\u0447\u0442\u0435 \u0437\u0430 \u0437\u0430\u043f\u0456\u0437\u043d\u0435\u043d\u043d\u044f""}]"
2025-07-14T22:32:12.766969,Ukrainian,Advanced,Polite expressions and etiquette,pairs,c7a7f22b-a3c6-4bf5-8422-5f1b34cffeb5,0,ValidationError,"Too few valid pairs (1), skipping batch insertion","[{""English"": ""Please excuse my tardiness"", ""Ukrainian"": ""\u0412\u0438\u0431\u0430\u0447\u0442\u0435 \u0437\u0430 \u0437\u0430\u043f\u0456\u0437\u043d\u0435\u043d\u043d\u044f""}]"
2025-07-14T22:32:12.769656,Ukrainian,Advanced,Polite expressions and etiquette,pairs,e7af8c4d-8062-43dd-9d27-e792594fb712,0,ValidationError,"Too few valid pairs (1), skipping batch insertion","[{""English"": ""Please excuse my tardiness"", ""Ukrainian"": ""\u0412\u0438\u0431\u0430\u0447\u0442\u0435 \u0437\u0430 \u0437\u0430\u043f\u0456\u0437\u043d\u0435\u043d\u043d\u044f""}]"
2025-07-14T22:32:12.772612,Ukrainian,Advanced,Polite expressions and etiquette,pairs,4139096f-793b-4420-a004-fbec3047ae7d,0,ValidationError,"Too few valid pairs (1), skipping batch insertion","[{""English"": ""Please excuse my tardiness"", ""Ukrainian"": ""\u0412\u0438\u0431\u0430\u0447\u0442\u0435 \u0437\u0430 \u0437\u0430\u043f\u0456\u0437\u043d\u0435\u043d\u043d\u044f""}]"
2025-07-14T22:32:12.775363,Ukrainian,Advanced,Polite expressions and etiquette,pairs,ad13fbbc-3fc1-4628-9cb3-6bfa2bc00bd1,0,ValidationError,"Too few valid pairs (1), skipping batch insertion","[{""English"": ""Please excuse my tardiness"", ""Ukrainian"": ""\u0412\u0438\u0431\u0430\u0447\u0442\u0435 \u0437\u0430 \u0437\u0430\u043f\u0456\u0437\u043d\u0435\u043d\u043d\u044f""}]"
2025-07-14T22:32:12.777883,Ukrainian,Advanced,Polite expressions and etiquette,pairs,9cd7fda6-5de3-46a3-970a-281c13347d0a,0,ValidationError,"Too few valid pairs (1), skipping batch insertion","[{""English"": ""Please excuse my tardiness"", ""Ukrainian"": ""\u0412\u0438\u0431\u0430\u0447\u0442\u0435 \u0437\u0430 \u0437\u0430\u043f\u0456\u0437\u043d\u0435\u043d\u043d\u044f""}]"
2025-07-14T22:32:12.780163,Ukrainian,Advanced,Polite expressions and etiquette,pairs,be5a4585-1301-45dc-9584-a17f3c6a7ec6,0,ValidationError,"Too few valid pairs (1), skipping batch insertion","[{""English"": ""Please excuse my tardiness"", ""Ukrainian"": ""\u0412\u0438\u0431\u0430\u0447\u0442\u0435 \u0437\u0430 \u0437\u0430\u043f\u0456\u0437\u043d\u0435\u043d\u043d\u044f""}]"
2025-07-14T22:32:12.782650,Ukrainian,Advanced,Polite expressions and etiquette,pairs,9e029c93-b713-459f-b47c-92dabb1ac011,0,ValidationError,"Too few valid pairs (1), skipping batch insertion","[{""English"": ""Please excuse my tardiness"", ""Ukrainian"": ""\u0412\u0438\u0431\u0430\u0447\u0442\u0435 \u0437\u0430 \u0437\u0430\u043f\u0456\u0437\u043d\u0435\u043d\u043d\u044f""}]"
2025-07-15T00:10:27.820774,Spanish,Beginner,"Colours, shapes, and sizes",pairs,a7fafd9a-d55b-4110-bfd0-24d94c883c25,0,ValidationError,"Too few valid pairs (1), skipping batch insertion","[{""English"": ""red"", ""Spanish"": ""rojo""}]"
2025-07-15T00:10:27.823038,Spanish,Beginner,"Colours, shapes, and sizes",pairs,0426bf72-9b90-4bdc-affd-8de8976124ad,0,ValidationError,"Too few valid pairs (1), skipping batch insertion","[{""English"": ""red"", ""Spanish"": ""rojo""}]"
2025-07-15T00:10:27.825560,Spanish,Beginner,"Colours, shapes, and sizes",pairs,be3d43e6-9e40-4fa7-8990-af5dbc018400,0,ValidationError,"Too few valid pairs (1), skipping batch insertion","[{""English"": ""red"", ""Spanish"": ""rojo""}]"
2025-07-15T00:10:27.829272,Spanish,Beginner,"Colours, shapes, and sizes",pairs,c9991b31-3c22-4da6-8aaf-546422a6d2a3,0,ValidationError,"Too few valid pairs (1), skipping batch insertion","[{""English"": ""red"", ""Spanish"": ""rojo""}]"
2025-07-15T00:10:27.831901,Spanish,Beginner,"Colours, shapes, and sizes",pairs,3c408413-696b-44d1-aac3-63836bbd12d8,0,ValidationError,"Too few valid pairs (1), skipping batch insertion","[{""English"": ""red"", ""Spanish"": ""rojo""}]"
2025-07-15T00:10:27.833982,Spanish,Beginner,"Colours, shapes, and sizes",pairs,d628ea24-44b4-4006-94b0-c5b4ac5dfb4a,0,ValidationError,"Too few valid pairs (1), skipping batch insertion","[{""English"": ""red"", ""Spanish"": ""rojo""}]"
2025-07-15T00:10:27.836160,Spanish,Beginner,"Colours, shapes, and sizes",pairs,efd6baa3-8569-449b-9795-166154d90d8e,0,ValidationError,"Too few valid pairs (1), skipping batch insertion","[{""English"": ""red"", ""Spanish"": ""rojo""}]"
2025-07-15T00:10:27.838485,Spanish,Beginner,"Colours, shapes, and sizes",pairs,f864413c-4675-426c-9389-1a54d24cff89,0,ValidationError,"Too few valid pairs (1), skipping batch insertion","[{""English"": ""red"", ""Spanish"": ""rojo""}]"
2025-07-15T00:10:27.841083,Spanish,Beginner,"Colours, shapes, and sizes",pairs,2318fb69-8126-419b-8ebc-947417927da5,0,ValidationError,"Too few valid pairs (1), skipping batch insertion","[{""English"": ""red"", ""Spanish"": ""rojo""}]"
2025-07-15T00:10:27.843185,Spanish,Beginner,"Colours, shapes, and sizes",pairs,4651d021-74fd-49fd-99de-72f315cdfd20,0,ValidationError,"Too few valid pairs (1), skipping batch insertion","[{""English"": ""red"", ""Spanish"": ""rojo""}]"
2025-07-15T03:48:54.078527,German,Beginner,Jobs and professions,pairs,14740825-d1dd-4e8d-8c04-0597f826d839,0,ValidationError,"Too few valid pairs (1), skipping batch insertion","[{""English"": ""doctor"", ""German"": ""Arzt""}]"
2025-07-15T03:48:54.080723,German,Beginner,Jobs and professions,pairs,b22383fe-fa26-4389-b1ba-2b201ea9a5b0,0,ValidationError,"Too few valid pairs (1), skipping batch insertion","[{""English"": ""doctor"", ""German"": ""Arzt""}]"
2025-07-15T03:48:54.082712,German,Beginner,Jobs and professions,pairs,89aa1919-fbac-4443-893b-080b998d413a,0,ValidationError,"Too few valid pairs (1), skipping batch insertion","[{""English"": ""doctor"", ""German"": ""Arzt""}]"
2025-07-15T03:48:54.085308,German,Beginner,Jobs and professions,pairs,865ce02a-7438-48d0-b640-750eadc14e41,0,ValidationError,"Too few valid pairs (1), skipping batch insertion","[{""English"": ""doctor"", ""German"": ""Arzt""}]"
2025-07-15T03:48:54.087494,German,Beginner,Jobs and professions,pairs,044663e4-ed40-4ee4-9890-7349f5bd05c3,0,ValidationError,"Too few valid pairs (1), skipping batch insertion","[{""English"": ""doctor"", ""German"": ""Arzt""}]"
2025-07-15T03:48:54.089696,German,Beginner,Jobs and professions,pairs,611a7791-c658-4d6f-bd15-9af6c09df1e2,0,ValidationError,"Too few valid pairs (1), skipping batch insertion","[{""English"": ""doctor"", ""German"": ""Arzt""}]"
2025-07-15T03:48:54.091712,German,Beginner,Jobs and professions,pairs,59a4b509-8748-4814-ab76-182f92069387,0,ValidationError,"Too few valid pairs (1), skipping batch insertion","[{""English"": ""doctor"", ""German"": ""Arzt""}]"
2025-07-15T03:48:54.093818,German,Beginner,Jobs and professions,pairs,5a00683d-1067-45b9-b045-8a6277c45513,0,ValidationError,"Too few valid pairs (1), skipping batch insertion","[{""English"": ""doctor"", ""German"": ""Arzt""}]"
2025-07-15T03:48:54.096026,German,Beginner,Jobs and professions,pairs,4345f4be-0b92-43af-aa71-10838afab359,0,ValidationError,"Too few valid pairs (1), skipping batch insertion","[{""English"": ""doctor"", ""German"": ""Arzt""}]"
2025-07-15T03:48:54.098280,German,Beginner,Jobs and professions,pairs,3751ff11-d965-4781-b5e1-ef512f8ed9ad,0,ValidationError,"Too few valid pairs (1), skipping batch insertion","[{""English"": ""doctor"", ""German"": ""Arzt""}]"
2025-07-15T04:36:41.041651,German,Intermediate,Office vocabulary,pairs,26dbbdf0-0437-4787-9228-293b65fbe43d,0,ValidationError,"Too few valid pairs (1), skipping batch insertion","[{""English"": ""to schedule a meeting"", ""German"": ""ein Meeting planen""}]"
2025-07-15T04:36:41.043727,German,Intermediate,Office vocabulary,pairs,11cb3380-c5aa-4b60-a55f-423f2dbac22a,0,ValidationError,"Too few valid pairs (1), skipping batch insertion","[{""English"": ""to schedule a meeting"", ""German"": ""ein Meeting planen""}]"
2025-07-15T04:36:41.045692,German,Intermediate,Office vocabulary,pairs,2200ef84-77d5-43aa-be33-ed9ca191f777,0,ValidationError,"Too few valid pairs (1), skipping batch insertion","[{""English"": ""to schedule a meeting"", ""German"": ""ein Meeting planen""}]"
2025-07-15T04:36:41.049141,German,Intermediate,Office vocabulary,pairs,c55c4727-4c46-46d7-a13f-be880f81be3a,0,ValidationError,"Too few valid pairs (1), skipping batch insertion","[{""English"": ""to schedule a meeting"", ""German"": ""ein Meeting planen""}]"
2025-07-15T04:36:41.051461,German,Intermediate,Office vocabulary,pairs,731abf92-dd74-4b6a-88e9-52464fd4a630,0,ValidationError,"Too few valid pairs (1), skipping batch insertion","[{""English"": ""to schedule a meeting"", ""German"": ""ein Meeting planen""}]"
2025-07-15T04:36:41.053622,German,Intermediate,Office vocabulary,pairs,ac13db46-4abd-4f59-84f8-2d374ac588c8,0,ValidationError,"Too few valid pairs (1), skipping batch insertion","[{""English"": ""to schedule a meeting"", ""German"": ""ein Meeting planen""}]"
2025-07-15T04:36:41.055720,German,Intermediate,Office vocabulary,pairs,b51056bc-2770-4642-9d14-9fb808672a4c,0,ValidationError,"Too few valid pairs (1), skipping batch insertion","[{""English"": ""to schedule a meeting"", ""German"": ""ein Meeting planen""}]"
2025-07-15T04:36:41.057709,German,Intermediate,Office vocabulary,pairs,35623571-dba2-404d-8e56-d79cdd95235a,0,ValidationError,"Too few valid pairs (1), skipping batch insertion","[{""English"": ""to schedule a meeting"", ""German"": ""ein Meeting planen""}]"
2025-07-15T04:36:41.060232,German,Intermediate,Office vocabulary,pairs,c97a2ada-e462-4919-adfa-78f26e0f1849,0,ValidationError,"Too few valid pairs (1), skipping batch insertion","[{""English"": ""to schedule a meeting"", ""German"": ""ein Meeting planen""}]"
2025-07-15T04:36:41.062352,German,Intermediate,Office vocabulary,pairs,fdaa3e34-6036-4b53-b8b8-cdd27bbfbf98,0,ValidationError,"Too few valid pairs (1), skipping batch insertion","[{""English"": ""to schedule a meeting"", ""German"": ""ein Meeting planen""}]"
2025-07-15T04:43:53.321456,German,Intermediate,Formal vs. informal language,pairs,4edcd020-d6cb-4b84-9d68-cda5ca5fc102,0,ValidationError,"Too few valid pairs (1), skipping batch insertion","[{""English"": ""You"", ""German"": ""Sie (formal) / du (informal)""}]"
2025-07-15T04:43:53.323961,German,Intermediate,Formal vs. informal language,pairs,1ecb6894-9f29-428d-9b6f-ce388d1efbb4,0,ValidationError,"Too few valid pairs (1), skipping batch insertion","[{""English"": ""You"", ""German"": ""Sie (formal) / du (informal)""}]"
2025-07-15T04:43:53.327514,German,Intermediate,Formal vs. informal language,pairs,4a966f50-8c09-441f-bce9-c62d49727099,0,ValidationError,"Too few valid pairs (1), skipping batch insertion","[{""English"": ""You"", ""German"": ""Sie (formal) / du (informal)""}]"
2025-07-15T04:43:53.330578,German,Intermediate,Formal vs. informal language,pairs,eae1f1fc-0970-4341-813f-eb070dd66274,0,ValidationError,"Too few valid pairs (1), skipping batch insertion","[{""English"": ""You"", ""German"": ""Sie (formal) / du (informal)""}]"
2025-07-15T04:43:53.333320,German,Intermediate,Formal vs. informal language,pairs,9cc1321f-01e4-48f6-98ea-64bcea57dd8f,0,ValidationError,"Too few valid pairs (1), skipping batch insertion","[{""English"": ""You"", ""German"": ""Sie (formal) / du (informal)""}]"
2025-07-15T04:43:53.335928,German,Intermediate,Formal vs. informal language,pairs,db6122cd-c79c-4187-b3aa-283ee8156155,0,ValidationError,"Too few valid pairs (1), skipping batch insertion","[{""English"": ""You"", ""German"": ""Sie (formal) / du (informal)""}]"
2025-07-15T04:43:53.338461,German,Intermediate,Formal vs. informal language,pairs,a9cbef19-43ec-42be-bb74-8e29baf100e3,0,ValidationError,"Too few valid pairs (1), skipping batch insertion","[{""English"": ""You"", ""German"": ""Sie (formal) / du (informal)""}]"
2025-07-15T04:43:53.340671,German,Intermediate,Formal vs. informal language,pairs,1059fc1e-3c0c-4fc6-93b1-bc217c52160f,0,ValidationError,"Too few valid pairs (1), skipping batch insertion","[{""English"": ""You"", ""German"": ""Sie (formal) / du (informal)""}]"
2025-07-15T04:43:53.343767,German,Intermediate,Formal vs. informal language,pairs,737cf5a8-2a44-4425-bdd4-94b4c9699986,0,ValidationError,"Too few valid pairs (1), skipping batch insertion","[{""English"": ""You"", ""German"": ""Sie (formal) / du (informal)""}]"
2025-07-15T04:43:53.345954,German,Intermediate,Formal vs. informal language,pairs,f4e2aa06-3f4b-41ab-bf29-82efe9fbbcbe,0,ValidationError,"Too few valid pairs (1), skipping batch insertion","[{""English"": ""You"", ""German"": ""Sie (formal) / du (informal)""}]"
2025-07-15T05:36:10.108377,German,Advanced,Formal vs. informal language,pairs,114cd8aa-011e-4f7e-8250-b9c55eb798b5,0,ValidationError,"Too few valid pairs (1), skipping batch insertion","[{""English"": ""formal"", ""German"": ""formell""}]"
2025-07-15T05:36:10.111092,German,Advanced,Formal vs. informal language,pairs,3404e749-ce9d-482b-a444-4115e214f682,0,ValidationError,"Too few valid pairs (1), skipping batch insertion","[{""English"": ""formal"", ""German"": ""formell""}]"
2025-07-15T05:36:10.113000,German,Advanced,Formal vs. informal language,pairs,42bd893b-7153-49d6-b260-51538e8faa9a,0,ValidationError,"Too few valid pairs (1), skipping batch insertion","[{""English"": ""formal"", ""German"": ""formell""}]"
2025-07-15T05:36:10.115300,German,Advanced,Formal vs. informal language,pairs,3f0b4323-125d-47de-8bde-b4317f373c43,0,ValidationError,"Too few valid pairs (1), skipping batch insertion","[{""English"": ""formal"", ""German"": ""formell""}]"
2025-07-15T05:36:10.118295,German,Advanced,Formal vs. informal language,pairs,d6bcf422-215d-4d3a-b903-013793c099ea,0,ValidationError,"Too few valid pairs (1), skipping batch insertion","[{""English"": ""formal"", ""German"": ""formell""}]"
2025-07-15T05:36:10.120444,German,Advanced,Formal vs. informal language,pairs,a5d2c72d-a76f-46e1-9418-30ea24b74a2f,0,ValidationError,"Too few valid pairs (1), skipping batch insertion","[{""English"": ""formal"", ""German"": ""formell""}]"
2025-07-15T05:36:10.122795,German,Advanced,Formal vs. informal language,pairs,86f40300-9d1b-47e5-ba7f-ac4ec8f19a48,0,ValidationError,"Too few valid pairs (1), skipping batch insertion","[{""English"": ""formal"", ""German"": ""formell""}]"
2025-07-15T05:36:10.124835,German,Advanced,Formal vs. informal language,pairs,df113773-3b4c-414b-a77c-1321a7c9a68e,0,ValidationError,"Too few valid pairs (1), skipping batch insertion","[{""English"": ""formal"", ""German"": ""formell""}]"
2025-07-15T05:36:10.127313,German,Advanced,Formal vs. informal language,pairs,d54120b2-c10c-4481-93b0-38263f25a7a7,0,ValidationError,"Too few valid pairs (1), skipping batch insertion","[{""English"": ""formal"", ""German"": ""formell""}]"
2025-07-15T05:36:10.129330,German,Advanced,Formal vs. informal language,pairs,b6b4b084-0462-4ae6-bdf8-3faf0e8a9498,0,ValidationError,"Too few valid pairs (1), skipping batch insertion","[{""English"": ""formal"", ""German"": ""formell""}]"
2025-07-15T05:40:09.039558,Italian,Beginner,"Greetings, farewells, and courtesies",pairs,03f1069a-210f-495c-bc6d-c9b5597005cf,0,ValidationError,"Too few valid pairs (1), skipping batch insertion","[{""English"": ""Hello"", ""Italian"": ""Ciao""}]"
2025-07-15T05:40:09.041590,Italian,Beginner,"Greetings, farewells, and courtesies",pairs,dc3eb355-2d9e-4ba3-86e1-7cece12fb545,0,ValidationError,"Too few valid pairs (1), skipping batch insertion","[{""English"": ""Hello"", ""Italian"": ""Ciao""}]"
2025-07-15T05:40:09.043693,Italian,Beginner,"Greetings, farewells, and courtesies",pairs,b2454f65-9da8-4c90-82df-1dcc158c9dd2,0,ValidationError,"Too few valid pairs (1), skipping batch insertion","[{""English"": ""Hello"", ""Italian"": ""Ciao""}]"
2025-07-15T05:40:09.045889,Italian,Beginner,"Greetings, farewells, and courtesies",pairs,9db4ed61-f3f9-4540-8329-8a9aaa64600a,0,ValidationError,"Too few valid pairs (1), skipping batch insertion","[{""English"": ""Hello"", ""Italian"": ""Ciao""}]"
2025-07-15T05:40:09.048415,Italian,Beginner,"Greetings, farewells, and courtesies",pairs,d4b25fc6-6a72-4e04-bd06-5dace9095fde,0,ValidationError,"Too few valid pairs (1), skipping batch insertion","[{""English"": ""Hello"", ""Italian"": ""Ciao""}]"
2025-07-15T05:40:09.050611,Italian,Beginner,"Greetings, farewells, and courtesies",pairs,31a2dbc0-f28e-486a-a9e6-4985fae73bcc,0,ValidationError,"Too few valid pairs (1), skipping batch insertion","[{""English"": ""Hello"", ""Italian"": ""Ciao""}]"
2025-07-15T05:40:09.052448,Italian,Beginner,"Greetings, farewells, and courtesies",pairs,e7bedb6d-957b-4fee-8cd6-b884ba829224,0,ValidationError,"Too few valid pairs (1), skipping batch insertion","[{""English"": ""Hello"", ""Italian"": ""Ciao""}]"
2025-07-15T05:40:09.054314,Italian,Beginner,"Greetings, farewells, and courtesies",pairs,fc660251-61e0-499b-9fe2-471f14dea0b6,0,ValidationError,"Too few valid pairs (1), skipping batch insertion","[{""English"": ""Hello"", ""Italian"": ""Ciao""}]"
2025-07-15T05:40:09.056187,Italian,Beginner,"Greetings, farewells, and courtesies",pairs,5574e19b-06c7-4063-a4b6-0437892ccda4,0,ValidationError,"Too few valid pairs (1), skipping batch insertion","[{""English"": ""Hello"", ""Italian"": ""Ciao""}]"
2025-07-15T05:40:09.058397,Italian,Beginner,"Greetings, farewells, and courtesies",pairs,3b5bf470-4bf0-4373-b909-cd698564d382,0,ValidationError,"Too few valid pairs (1), skipping batch insertion","[{""English"": ""Hello"", ""Italian"": ""Ciao""}]"
2025-07-15T05:44:02.928355,Italian,Beginner,"Colours, shapes, and sizes",pairs,68df19e3-d03c-433a-a493-59c93a2b1bcd,0,ValidationError,"Too few valid pairs (1), skipping batch insertion","[{""English"": ""red"", ""Italian"": ""rosso""}]"
2025-07-15T05:44:02.931279,Italian,Beginner,"Colours, shapes, and sizes",pairs,e4b034a0-6ab6-4278-a172-4af932f89034,0,ValidationError,"Too few valid pairs (1), skipping batch insertion","[{""English"": ""red"", ""Italian"": ""rosso""}]"
2025-07-15T05:44:02.933288,Italian,Beginner,"Colours, shapes, and sizes",pairs,918e05d9-0cf7-4b80-9075-215d174c52bb,0,ValidationError,"Too few valid pairs (1), skipping batch insertion","[{""English"": ""red"", ""Italian"": ""rosso""}]"
2025-07-15T05:44:02.936259,Italian,Beginner,"Colours, shapes, and sizes",pairs,01390e08-dd20-4cc9-a66f-67c89e775e7f,0,ValidationError,"Too few valid pairs (1), skipping batch insertion","[{""English"": ""red"", ""Italian"": ""rosso""}]"
2025-07-15T05:44:02.938998,Italian,Beginner,"Colours, shapes, and sizes",pairs,389426c7-407f-4325-85a2-5ad50005736d,0,ValidationError,"Too few valid pairs (1), skipping batch insertion","[{""English"": ""red"", ""Italian"": ""rosso""}]"
2025-07-15T05:44:02.941312,Italian,Beginner,"Colours, shapes, and sizes",pairs,d71648dd-5b35-4bd3-9cfc-5f67ffb8fa95,0,ValidationError,"Too few valid pairs (1), skipping batch insertion","[{""English"": ""red"", ""Italian"": ""rosso""}]"
2025-07-15T05:44:02.943450,Italian,Beginner,"Colours, shapes, and sizes",pairs,00902af2-7a23-4022-9a8e-a0d9af412d1b,0,ValidationError,"Too few valid pairs (1), skipping batch insertion","[{""English"": ""red"", ""Italian"": ""rosso""}]"
2025-07-15T05:44:02.945666,Italian,Beginner,"Colours, shapes, and sizes",pairs,a8ba2735-85d0-43fb-a600-453a84bfdb54,0,ValidationError,"Too few valid pairs (1), skipping batch insertion","[{""English"": ""red"", ""Italian"": ""rosso""}]"
2025-07-15T05:44:02.947881,Italian,Beginner,"Colours, shapes, and sizes",pairs,5f17ecc7-577f-4874-806a-850fd1f85392,0,ValidationError,"Too few valid pairs (1), skipping batch insertion","[{""English"": ""red"", ""Italian"": ""rosso""}]"
2025-07-15T05:44:02.950033,Italian,Beginner,"Colours, shapes, and sizes",pairs,088852e7-1c1d-4d26-8b34-0d27fe12697e,0,ValidationError,"Too few valid pairs (1), skipping batch insertion","[{""English"": ""red"", ""Italian"": ""rosso""}]"
2025-07-15T05:44:29.525560,Italian,Beginner,Weather and climate,pairs,441f3b81-20b2-44ff-a680-40477b066d14,0,ValidationError,"Too few valid pairs (1), skipping batch insertion","[{""English"": ""sunny"", ""Italian"": ""soleggiato""}]"
2025-07-15T05:44:29.527730,Italian,Beginner,Weather and climate,pairs,24c3ab71-963b-4144-b861-33db7f68237a,0,ValidationError,"Too few valid pairs (1), skipping batch insertion","[{""English"": ""sunny"", ""Italian"": ""soleggiato""}]"
2025-07-15T05:44:29.529730,Italian,Beginner,Weather and climate,pairs,951332a8-ffac-4b3f-8e9e-49db68fd9b6a,0,ValidationError,"Too few valid pairs (1), skipping batch insertion","[{""English"": ""sunny"", ""Italian"": ""soleggiato""}]"
2025-07-15T05:44:29.531637,Italian,Beginner,Weather and climate,pairs,dc7ddce4-28fd-4fa6-8d08-eee96b44a923,0,ValidationError,"Too few valid pairs (1), skipping batch insertion","[{""English"": ""sunny"", ""Italian"": ""soleggiato""}]"
2025-07-15T05:44:29.534195,Italian,Beginner,Weather and climate,pairs,8d5022c4-8b6c-45ea-953c-03cedb3ec129,0,ValidationError,"Too few valid pairs (1), skipping batch insertion","[{""English"": ""sunny"", ""Italian"": ""soleggiato""}]"
2025-07-15T05:44:29.536324,Italian,Beginner,Weather and climate,pairs,aed011c0-5f7d-4382-af93-a0f931c0a25e,0,ValidationError,"Too few valid pairs (1), skipping batch insertion","[{""English"": ""sunny"", ""Italian"": ""soleggiato""}]"
2025-07-15T05:44:29.538472,Italian,Beginner,Weather and climate,pairs,1b18df40-1cc3-4f7b-b3ab-0e9fb7d7d783,0,ValidationError,"Too few valid pairs (1), skipping batch insertion","[{""English"": ""sunny"", ""Italian"": ""soleggiato""}]"
2025-07-15T05:44:29.540822,Italian,Beginner,Weather and climate,pairs,2a724595-9ae9-4e8f-ba20-943422c10287,0,ValidationError,"Too few valid pairs (1), skipping batch insertion","[{""English"": ""sunny"", ""Italian"": ""soleggiato""}]"
2025-07-15T05:44:29.543360,Italian,Beginner,Weather and climate,pairs,2eba78ea-3668-4ca9-a675-1d4079d538a1,0,ValidationError,"Too few valid pairs (1), skipping batch insertion","[{""English"": ""sunny"", ""Italian"": ""soleggiato""}]"
2025-07-15T05:44:29.545736,Italian,Beginner,Weather and climate,pairs,1ab859b0-6024-4677-a5f1-af7bbd96cff6,0,ValidationError,"Too few valid pairs (1), skipping batch insertion","[{""English"": ""sunny"", ""Italian"": ""soleggiato""}]"
2025-07-15T05:48:19.392695,Italian,Beginner,Making purchases,pairs,ae6739bc-6628-4654-aee9-ad3b14bd79ed,0,ValidationError,"Too few valid pairs (1), skipping batch insertion","[{""English"": ""To buy"", ""Italian"": ""Comprare""}]"
2025-07-15T05:48:19.394911,Italian,Beginner,Making purchases,pairs,c12a5b86-5383-48a9-bfa5-e00121562257,0,ValidationError,"Too few valid pairs (1), skipping batch insertion","[{""English"": ""To buy"", ""Italian"": ""Comprare""}]"
2025-07-15T05:48:19.396813,Italian,Beginner,Making purchases,pairs,f93a7fef-1d51-4772-8364-959557a8f0db,0,ValidationError,"Too few valid pairs (1), skipping batch insertion","[{""English"": ""To buy"", ""Italian"": ""Comprare""}]"
2025-07-15T05:48:19.398994,Italian,Beginner,Making purchases,pairs,a48e2bfd-d2f1-4db8-8b75-e079e51faafe,0,ValidationError,"Too few valid pairs (1), skipping batch insertion","[{""English"": ""To buy"", ""Italian"": ""Comprare""}]"
2025-07-15T05:48:19.401263,Italian,Beginner,Making purchases,pairs,3037d00f-68a4-4cf3-9309-f8aa1decf577,0,ValidationError,"Too few valid pairs (1), skipping batch insertion","[{""English"": ""To buy"", ""Italian"": ""Comprare""}]"
2025-07-15T05:48:19.403420,Italian,Beginner,Making purchases,pairs,4ae1ba88-2305-478d-a0b0-ab7a3f1171b1,0,ValidationError,"Too few valid pairs (1), skipping batch insertion","[{""English"": ""To buy"", ""Italian"": ""Comprare""}]"
2025-07-15T05:48:19.405465,Italian,Beginner,Making purchases,pairs,c76e221f-804d-4874-a023-015c994796b1,0,ValidationError,"Too few valid pairs (1), skipping batch insertion","[{""English"": ""To buy"", ""Italian"": ""Comprare""}]"
2025-07-15T05:48:19.407698,Italian,Beginner,Making purchases,pairs,be556f1c-56d0-49af-af45-011dc28777dc,0,ValidationError,"Too few valid pairs (1), skipping batch insertion","[{""English"": ""To buy"", ""Italian"": ""Comprare""}]"
2025-07-15T05:48:19.409766,Italian,Beginner,Making purchases,pairs,cd6eab2b-e557-4fef-b2b0-c9197ca9bbfd,0,ValidationError,"Too few valid pairs (1), skipping batch insertion","[{""English"": ""To buy"", ""Italian"": ""Comprare""}]"
2025-07-15T05:48:19.411863,Italian,Beginner,Making purchases,pairs,08d2dd9f-c21a-41fe-ab4f-d31feff39de1,0,ValidationError,"Too few valid pairs (1), skipping batch insertion","[{""English"": ""To buy"", ""Italian"": ""Comprare""}]"
2025-07-15T05:51:28.000533,Italian,Beginner,Hotels and accommodations,pairs,d507a7a6-8516-407d-911e-a4d1815b3499,0,ValidationError,"Too few valid pairs (1), skipping batch insertion","[{""English"": ""room"", ""Italian"": ""camera""}]"
2025-07-15T05:51:28.002916,Italian,Beginner,Hotels and accommodations,pairs,a68fae44-e154-4aba-a78e-599e629a1f1c,0,ValidationError,"Too few valid pairs (1), skipping batch insertion","[{""English"": ""room"", ""Italian"": ""camera""}]"
2025-07-15T05:51:28.005084,Italian,Beginner,Hotels and accommodations,pairs,dfdacb29-20d1-48b8-ae5e-f4eaf5cbdc68,0,ValidationError,"Too few valid pairs (1), skipping batch insertion","[{""English"": ""room"", ""Italian"": ""camera""}]"
2025-07-15T05:51:28.007825,Italian,Beginner,Hotels and accommodations,pairs,405f0638-983b-44fe-bcc7-0cb98e3e9340,0,ValidationError,"Too few valid pairs (1), skipping batch insertion","[{""English"": ""room"", ""Italian"": ""camera""}]"
2025-07-15T05:51:28.010440,Italian,Beginner,Hotels and accommodations,pairs,5ae965ee-c14d-491f-b7b2-2894cc600e0e,0,ValidationError,"Too few valid pairs (1), skipping batch insertion","[{""English"": ""room"", ""Italian"": ""camera""}]"
2025-07-15T05:51:28.012775,Italian,Beginner,Hotels and accommodations,pairs,e04e9d1f-6f28-414e-a844-4a986f0ee050,0,ValidationError,"Too few valid pairs (1), skipping batch insertion","[{""English"": ""room"", ""Italian"": ""camera""}]"
2025-07-15T05:51:28.014929,Italian,Beginner,Hotels and accommodations,pairs,e49028c6-d00b-48b1-bdd3-fd35bb3d34d9,0,ValidationError,"Too few valid pairs (1), skipping batch insertion","[{""English"": ""room"", ""Italian"": ""camera""}]"
2025-07-15T05:51:28.017254,Italian,Beginner,Hotels and accommodations,pairs,618814ba-969f-41f7-a97d-2c1868f19618,0,ValidationError,"Too few valid pairs (1), skipping batch insertion","[{""English"": ""room"", ""Italian"": ""camera""}]"
2025-07-15T05:51:28.019444,Italian,Beginner,Hotels and accommodations,pairs,bcfc84e0-6da2-44d1-9d90-daf5a2a92c07,0,ValidationError,"Too few valid pairs (1), skipping batch insertion","[{""English"": ""room"", ""Italian"": ""camera""}]"
2025-07-15T05:51:28.021710,Italian,Beginner,Hotels and accommodations,pairs,032c77dd-ec0f-4974-b310-c764b3b711f7,0,ValidationError,"Too few valid pairs (1), skipping batch insertion","[{""English"": ""room"", ""Italian"": ""camera""}]"
2025-07-15T06:01:37.842568,Italian,Beginner,Phone conversations,pairs,10e7d642-7d62-43f7-9111-8853d6a48a16,0,ValidationError,"Too few valid pairs (1), skipping batch insertion","[{""English"": ""Hello"", ""Italian"": ""Ciao""}]"
2025-07-15T06:01:37.844944,Italian,Beginner,Phone conversations,pairs,f7c18687-7947-4741-8984-46273dfeaf0a,0,ValidationError,"Too few valid pairs (1), skipping batch insertion","[{""English"": ""Hello"", ""Italian"": ""Ciao""}]"
2025-07-15T06:01:37.847027,Italian,Beginner,Phone conversations,pairs,a8a38053-8ef9-46fe-a6fe-83662a7fe717,0,ValidationError,"Too few valid pairs (1), skipping batch insertion","[{""English"": ""Hello"", ""Italian"": ""Ciao""}]"
2025-07-15T06:01:37.849062,Italian,Beginner,Phone conversations,pairs,b5b1c791-b99e-433e-bfd9-3dd058d3fe3f,0,ValidationError,"Too few valid pairs (1), skipping batch insertion","[{""English"": ""Hello"", ""Italian"": ""Ciao""}]"
2025-07-15T06:01:37.851765,Italian,Beginner,Phone conversations,pairs,64240179-64e5-484a-88d4-1c10561f81b9,0,ValidationError,"Too few valid pairs (1), skipping batch insertion","[{""English"": ""Hello"", ""Italian"": ""Ciao""}]"
2025-07-15T06:01:37.854531,Italian,Beginner,Phone conversations,pairs,5fcd295b-7551-47c0-9249-485113830307,0,ValidationError,"Too few valid pairs (1), skipping batch insertion","[{""English"": ""Hello"", ""Italian"": ""Ciao""}]"
2025-07-15T06:01:37.856836,Italian,Beginner,Phone conversations,pairs,d94240e0-397c-4c82-890c-c0d1760f9988,0,ValidationError,"Too few valid pairs (1), skipping batch insertion","[{""English"": ""Hello"", ""Italian"": ""Ciao""}]"
2025-07-15T06:01:37.858779,Italian,Beginner,Phone conversations,pairs,35a3bb84-c99a-4b26-8b25-eb157030d221,0,ValidationError,"Too few valid pairs (1), skipping batch insertion","[{""English"": ""Hello"", ""Italian"": ""Ciao""}]"
2025-07-15T06:01:37.860727,Italian,Beginner,Phone conversations,pairs,d0d52813-cc0f-48b2-b952-c5f97fe6f5f8,0,ValidationError,"Too few valid pairs (1), skipping batch insertion","[{""English"": ""Hello"", ""Italian"": ""Ciao""}]"
2025-07-15T06:01:37.862946,Italian,Beginner,Phone conversations,pairs,efc9910b-789f-4985-b2b5-d6cb2eda432e,0,ValidationError,"Too few valid pairs (1), skipping batch insertion","[{""English"": ""Hello"", ""Italian"": ""Ciao""}]"
2025-07-15T06:08:21.451705,Italian,Intermediate,Clothing and appearance,pairs,70ffcc62-1a65-4d1f-9d1b-12acee91c182,0,ValidationError,"Too few valid pairs (1), skipping batch insertion","[{""English"": ""to try on clothes"", ""Italian"": ""provare i vestiti""}]"
2025-07-15T06:08:21.454691,Italian,Intermediate,Clothing and appearance,pairs,be316803-6aed-4a04-8e5f-cee1bdef3aa8,0,ValidationError,"Too few valid pairs (1), skipping batch insertion","[{""English"": ""to try on clothes"", ""Italian"": ""provare i vestiti""}]"
2025-07-15T06:08:21.456786,Italian,Intermediate,Clothing and appearance,pairs,320c74b5-5ef7-46f2-8c4b-f03e5de00d5f,0,ValidationError,"Too few valid pairs (1), skipping batch insertion","[{""English"": ""to try on clothes"", ""Italian"": ""provare i vestiti""}]"
2025-07-15T06:08:21.459122,Italian,Intermediate,Clothing and appearance,pairs,ddadeb61-1fd2-4735-8f02-2ec6ee7933db,0,ValidationError,"Too few valid pairs (1), skipping batch insertion","[{""English"": ""to try on clothes"", ""Italian"": ""provare i vestiti""}]"
2025-07-15T06:08:21.461880,Italian,Intermediate,Clothing and appearance,pairs,1c37c997-4ac7-4b1d-9b0d-2caf33125772,0,ValidationError,"Too few valid pairs (1), skipping batch insertion","[{""English"": ""to try on clothes"", ""Italian"": ""provare i vestiti""}]"
2025-07-15T06:08:21.463967,Italian,Intermediate,Clothing and appearance,pairs,a0e4a5b6-3613-4061-9542-9590dcc2de88,0,ValidationError,"Too few valid pairs (1), skipping batch insertion","[{""English"": ""to try on clothes"", ""Italian"": ""provare i vestiti""}]"
2025-07-15T06:08:21.465968,Italian,Intermediate,Clothing and appearance,pairs,86d1d18d-8058-432d-8641-cd46e403afee,0,ValidationError,"Too few valid pairs (1), skipping batch insertion","[{""English"": ""to try on clothes"", ""Italian"": ""provare i vestiti""}]"
2025-07-15T06:08:21.468157,Italian,Intermediate,Clothing and appearance,pairs,1b80cd69-9b3f-49ae-a748-72d6dcd3dd47,0,ValidationError,"Too few valid pairs (1), skipping batch insertion","[{""English"": ""to try on clothes"", ""Italian"": ""provare i vestiti""}]"
2025-07-15T06:08:21.470474,Italian,Intermediate,Clothing and appearance,pairs,4364ca70-252a-4145-8f59-3ecc61a324ee,0,ValidationError,"Too few valid pairs (1), skipping batch insertion","[{""English"": ""to try on clothes"", ""Italian"": ""provare i vestiti""}]"
2025-07-15T06:08:21.473063,Italian,Intermediate,Clothing and appearance,pairs,5aba6718-a14f-4283-bf3d-4fb7d95c466f,0,ValidationError,"Too few valid pairs (1), skipping batch insertion","[{""English"": ""to try on clothes"", ""Italian"": ""provare i vestiti""}]"
2025-07-15T06:13:09.210819,Italian,Intermediate,Post office and shipping,pairs,703928c4-4b1c-46b0-b2b4-a8dda677d755,0,ValidationError,"Too few valid pairs (1), skipping batch insertion","[{""English"": ""Package"", ""Italian"": ""Pacchetto""}]"
2025-07-15T06:13:09.213121,Italian,Intermediate,Post office and shipping,pairs,a4695fb5-42a3-492e-8685-05591ce73541,0,ValidationError,"Too few valid pairs (1), skipping batch insertion","[{""English"": ""Package"", ""Italian"": ""Pacchetto""}]"
2025-07-15T06:13:09.215266,Italian,Intermediate,Post office and shipping,pairs,3a20f5cf-5be9-414a-9332-1610cca6d40f,0,ValidationError,"Too few valid pairs (1), skipping batch insertion","[{""English"": ""Package"", ""Italian"": ""Pacchetto""}]"
2025-07-15T06:13:09.217736,Italian,Intermediate,Post office and shipping,pairs,2f8c5d36-243a-40b7-8046-8629f3958d81,0,ValidationError,"Too few valid pairs (1), skipping batch insertion","[{""English"": ""Package"", ""Italian"": ""Pacchetto""}]"
2025-07-15T06:13:09.220555,Italian,Intermediate,Post office and shipping,pairs,1d32c95d-22a9-44e5-9feb-2975f93d22be,0,ValidationError,"Too few valid pairs (1), skipping batch insertion","[{""English"": ""Package"", ""Italian"": ""Pacchetto""}]"
2025-07-15T06:13:09.223100,Italian,Intermediate,Post office and shipping,pairs,4a49938d-5170-4ee1-9b80-78193a7ff0a9,0,ValidationError,"Too few valid pairs (1), skipping batch insertion","[{""English"": ""Package"", ""Italian"": ""Pacchetto""}]"
2025-07-15T06:13:09.225402,Italian,Intermediate,Post office and shipping,pairs,57108597-5130-4fbe-9795-7a03a160369a,0,ValidationError,"Too few valid pairs (1), skipping batch insertion","[{""English"": ""Package"", ""Italian"": ""Pacchetto""}]"
2025-07-15T06:13:09.227798,Italian,Intermediate,Post office and shipping,pairs,c227db37-253e-4b35-a0f8-e60e066733c3,0,ValidationError,"Too few valid pairs (1), skipping batch insertion","[{""English"": ""Package"", ""Italian"": ""Pacchetto""}]"
2025-07-15T06:13:09.230241,Italian,Intermediate,Post office and shipping,pairs,5972df1b-687f-46ab-8882-cbb7a6a5f077,0,ValidationError,"Too few valid pairs (1), skipping batch insertion","[{""English"": ""Package"", ""Italian"": ""Pacchetto""}]"
2025-07-15T06:13:09.232589,Italian,Intermediate,Post office and shipping,pairs,5f13ee3d-ba59-4173-98ab-74f5fcad643e,0,ValidationError,"Too few valid pairs (1), skipping batch insertion","[{""English"": ""Package"", ""Italian"": ""Pacchetto""}]"
2025-07-15T06:14:47.537276,Italian,Intermediate,Travel planning,pairs,63335f37-557f-4f21-acb6-6a3f8231c8d3,0,ValidationError,"Too few valid pairs (1), skipping batch insertion","[{""English"": ""Itinerary"", ""Italian"": ""Itinerario""}]"
2025-07-15T06:14:47.539540,Italian,Intermediate,Travel planning,pairs,1cf5bf44-3fe2-42b5-b42a-2f1e699d7886,0,ValidationError,"Too few valid pairs (1), skipping batch insertion","[{""English"": ""Itinerary"", ""Italian"": ""Itinerario""}]"
2025-07-15T06:14:47.541651,Italian,Intermediate,Travel planning,pairs,c9d411f3-d2b5-4f01-929c-55a0608ce4ca,0,ValidationError,"Too few valid pairs (1), skipping batch insertion","[{""English"": ""Itinerary"", ""Italian"": ""Itinerario""}]"
2025-07-15T06:14:47.543567,Italian,Intermediate,Travel planning,pairs,fd056ad1-bfb6-4585-8e43-8634bbbfdc2b,0,ValidationError,"Too few valid pairs (1), skipping batch insertion","[{""English"": ""Itinerary"", ""Italian"": ""Itinerario""}]"
2025-07-15T06:14:47.546320,Italian,Intermediate,Travel planning,pairs,962e6a0c-9001-49f0-8ae6-ad1a263beb5a,0,ValidationError,"Too few valid pairs (1), skipping batch insertion","[{""English"": ""Itinerary"", ""Italian"": ""Itinerario""}]"
2025-07-15T06:14:47.548467,Italian,Intermediate,Travel planning,pairs,8b195d7a-9ce3-480a-9e33-e5ee9ff9ed9b,0,ValidationError,"Too few valid pairs (1), skipping batch insertion","[{""English"": ""Itinerary"", ""Italian"": ""Itinerario""}]"
2025-07-15T06:14:47.550592,Italian,Intermediate,Travel planning,pairs,8d6f2d40-7c2c-43ba-a689-65454020eabc,0,ValidationError,"Too few valid pairs (1), skipping batch insertion","[{""English"": ""Itinerary"", ""Italian"": ""Itinerario""}]"
2025-07-15T06:14:47.553023,Italian,Intermediate,Travel planning,pairs,9d204e35-6dd0-484d-8486-062d2f6ee6ec,0,ValidationError,"Too few valid pairs (1), skipping batch insertion","[{""English"": ""Itinerary"", ""Italian"": ""Itinerario""}]"
2025-07-15T06:14:47.555219,Italian,Intermediate,Travel planning,pairs,43646627-c892-45da-8bc1-834d66eea6bc,0,ValidationError,"Too few valid pairs (1), skipping batch insertion","[{""English"": ""Itinerary"", ""Italian"": ""Itinerario""}]"
2025-07-15T06:14:47.557529,Italian,Intermediate,Travel planning,pairs,e90a5455-ab2e-463c-8c30-137ac76abb7f,0,ValidationError,"Too few valid pairs (1), skipping batch insertion","[{""English"": ""Itinerary"", ""Italian"": ""Itinerario""}]"
2025-07-15T06:15:15.680106,Italian,Intermediate,Hotels and accommodations,pairs,00493bca-08b2-4223-9e1e-2479edc840c0,0,ValidationError,"Too few valid pairs (1), skipping batch insertion","[{""English"": ""Reservations"", ""Italian"": ""Prenotazioni""}]"
2025-07-15T06:15:15.682512,Italian,Intermediate,Hotels and accommodations,pairs,00f3cf69-8e07-4405-8001-1c8522364da9,0,ValidationError,"Too few valid pairs (1), skipping batch insertion","[{""English"": ""Reservations"", ""Italian"": ""Prenotazioni""}]"
2025-07-15T06:15:15.684714,Italian,Intermediate,Hotels and accommodations,pairs,1128f6ed-9ba7-4b46-acd3-3e79c9db6f1f,0,ValidationError,"Too few valid pairs (1), skipping batch insertion","[{""English"": ""Reservations"", ""Italian"": ""Prenotazioni""}]"
2025-07-15T06:15:15.686943,Italian,Intermediate,Hotels and accommodations,pairs,107d21ab-80c5-4839-8f3e-b7d0842d88a4,0,ValidationError,"Too few valid pairs (1), skipping batch insertion","[{""English"": ""Reservations"", ""Italian"": ""Prenotazioni""}]"
2025-07-15T06:15:15.689299,Italian,Intermediate,Hotels and accommodations,pairs,5eae360a-c72d-4b71-8149-cbe5e6881b8d,0,ValidationError,"Too few valid pairs (1), skipping batch insertion","[{""English"": ""Reservations"", ""Italian"": ""Prenotazioni""}]"
2025-07-15T06:15:15.693760,Italian,Intermediate,Hotels and accommodations,pairs,6f9efb8d-2b04-4429-a298-6eb1eef63fe8,0,ValidationError,"Too few valid pairs (1), skipping batch insertion","[{""English"": ""Reservations"", ""Italian"": ""Prenotazioni""}]"
2025-07-15T06:15:15.696891,Italian,Intermediate,Hotels and accommodations,pairs,9767630a-3d5a-48dc-8d7f-4692de4c4112,0,ValidationError,"Too few valid pairs (1), skipping batch insertion","[{""English"": ""Reservations"", ""Italian"": ""Prenotazioni""}]"
2025-07-15T06:15:15.699627,Italian,Intermediate,Hotels and accommodations,pairs,2484faae-988e-4844-b4fb-1cb4f84f5741,0,ValidationError,"Too few valid pairs (1), skipping batch insertion","[{""English"": ""Reservations"", ""Italian"": ""Prenotazioni""}]"
2025-07-15T06:15:15.701853,Italian,Intermediate,Hotels and accommodations,pairs,e4377bf4-da82-4aa7-bb7a-d5cc5649d55a,0,ValidationError,"Too few valid pairs (1), skipping batch insertion","[{""English"": ""Reservations"", ""Italian"": ""Prenotazioni""}]"
2025-07-15T06:15:15.704031,Italian,Intermediate,Hotels and accommodations,pairs,56a59c5e-b72f-4dc4-93bb-f907d623156e,0,ValidationError,"Too few valid pairs (1), skipping batch insertion","[{""English"": ""Reservations"", ""Italian"": ""Prenotazioni""}]"
2025-07-15T06:18:21.233837,Italian,Intermediate,Family and relationships,pairs,b428757a-0082-48c5-9751-f6cc4d2cf1bb,0,ValidationError,"Too few valid pairs (1), skipping batch insertion","[{""English"": ""To argue"", ""Italian"": ""Litigare""}]"
2025-07-15T06:18:21.236073,Italian,Intermediate,Family and relationships,pairs,405e2f03-de30-4ff4-8f04-2c6302775026,0,ValidationError,"Too few valid pairs (1), skipping batch insertion","[{""English"": ""To argue"", ""Italian"": ""Litigare""}]"
2025-07-15T06:18:21.238366,Italian,Intermediate,Family and relationships,pairs,39c39202-bbf2-4fe0-b83e-0f4856336fe0,0,ValidationError,"Too few valid pairs (1), skipping batch insertion","[{""English"": ""To argue"", ""Italian"": ""Litigare""}]"
2025-07-15T06:18:21.240440,Italian,Intermediate,Family and relationships,pairs,2ac5c377-3e11-49fd-a7fc-183d63e92ce7,0,ValidationError,"Too few valid pairs (1), skipping batch insertion","[{""English"": ""To argue"", ""Italian"": ""Litigare""}]"
2025-07-15T06:18:21.242801,Italian,Intermediate,Family and relationships,pairs,39e90fd2-c854-4073-a4b4-128ee04085de,0,ValidationError,"Too few valid pairs (1), skipping batch insertion","[{""English"": ""To argue"", ""Italian"": ""Litigare""}]"
2025-07-15T06:18:21.245319,Italian,Intermediate,Family and relationships,pairs,66c35d7b-f17e-4636-a9d1-a6fdb868a44b,0,ValidationError,"Too few valid pairs (1), skipping batch insertion","[{""English"": ""To argue"", ""Italian"": ""Litigare""}]"
2025-07-15T06:18:21.247568,Italian,Intermediate,Family and relationships,pairs,33dd5d3f-483e-4650-8190-c2be9d8d5ad8,0,ValidationError,"Too few valid pairs (1), skipping batch insertion","[{""English"": ""To argue"", ""Italian"": ""Litigare""}]"
2025-07-15T06:18:21.249854,Italian,Intermediate,Family and relationships,pairs,2d21d0b5-4f9c-46ad-929b-176eabf403a4,0,ValidationError,"Too few valid pairs (1), skipping batch insertion","[{""English"": ""To argue"", ""Italian"": ""Litigare""}]"
2025-07-15T06:18:21.252101,Italian,Intermediate,Family and relationships,pairs,4d52e9b2-bbfa-44d4-be28-826ed93909ed,0,ValidationError,"Too few valid pairs (1), skipping batch insertion","[{""English"": ""To argue"", ""Italian"": ""Litigare""}]"
2025-07-15T06:18:21.254540,Italian,Intermediate,Family and relationships,pairs,7b69ed29-247c-4254-8da9-440bdd37ba22,0,ValidationError,"Too few valid pairs (1), skipping batch insertion","[{""English"": ""To argue"", ""Italian"": ""Litigare""}]"
2025-07-15T06:18:53.722440,Italian,Intermediate,Describing people and personalities,pairs,22e97630-9058-4d7b-badd-c3095d9f9228,0,ValidationError,"Too few valid pairs (1), skipping batch insertion","[{""English"": ""outgoing"", ""Italian"": ""estroverso""}]"
2025-07-15T06:18:53.724536,Italian,Intermediate,Describing people and personalities,pairs,c574dcdc-9b65-40cc-86bc-3742194df4e9,0,ValidationError,"Too few valid pairs (1), skipping batch insertion","[{""English"": ""outgoing"", ""Italian"": ""estroverso""}]"
2025-07-15T06:18:53.726676,Italian,Intermediate,Describing people and personalities,pairs,799f85b3-727f-4fd7-b783-0a725cf0c960,0,ValidationError,"Too few valid pairs (1), skipping batch insertion","[{""English"": ""outgoing"", ""Italian"": ""estroverso""}]"
2025-07-15T06:18:53.728886,Italian,Intermediate,Describing people and personalities,pairs,78f3779a-c994-44f3-ab06-2e0d6ffeb68a,0,ValidationError,"Too few valid pairs (1), skipping batch insertion","[{""English"": ""outgoing"", ""Italian"": ""estroverso""}]"
2025-07-15T06:18:53.731577,Italian,Intermediate,Describing people and personalities,pairs,d52d79ee-ead9-4b6b-bbd5-d3cd22c7b6a4,0,ValidationError,"Too few valid pairs (1), skipping batch insertion","[{""English"": ""outgoing"", ""Italian"": ""estroverso""}]"
2025-07-15T06:18:53.733548,Italian,Intermediate,Describing people and personalities,pairs,bd875b40-d788-491f-b272-4bda043df267,0,ValidationError,"Too few valid pairs (1), skipping batch insertion","[{""English"": ""outgoing"", ""Italian"": ""estroverso""}]"
2025-07-15T06:18:53.735697,Italian,Intermediate,Describing people and personalities,pairs,522cd666-6328-498e-ace7-b06c5e1bd594,0,ValidationError,"Too few valid pairs (1), skipping batch insertion","[{""English"": ""outgoing"", ""Italian"": ""estroverso""}]"
2025-07-15T06:18:53.737864,Italian,Intermediate,Describing people and personalities,pairs,aa244c25-8a67-45d0-9f1d-126085abde10,0,ValidationError,"Too few valid pairs (1), skipping batch insertion","[{""English"": ""outgoing"", ""Italian"": ""estroverso""}]"
2025-07-15T06:18:53.739990,Italian,Intermediate,Describing people and personalities,pairs,06db8ca2-6961-43fc-86f5-b5a7ad779a35,0,ValidationError,"Too few valid pairs (1), skipping batch insertion","[{""English"": ""outgoing"", ""Italian"": ""estroverso""}]"
2025-07-15T06:18:53.742303,Italian,Intermediate,Describing people and personalities,pairs,03c4d88e-64fc-4047-9d81-fb2d19fb779b,0,ValidationError,"Too few valid pairs (1), skipping batch insertion","[{""English"": ""outgoing"", ""Italian"": ""estroverso""}]"
2025-07-15T06:25:43.934776,Italian,Intermediate,Formal vs. informal language,pairs,7d6f215d-02a6-4742-9ebd-afc259d97a68,0,ValidationError,"Too few valid pairs (1), skipping batch insertion","[{""English"": ""Dear Sir/Madam"", ""Italian"": ""Gentile Signore/Signora""}]"
2025-07-15T06:25:43.936948,Italian,Intermediate,Formal vs. informal language,pairs,13d38aaa-aa49-4bf0-af37-cdb4681d0de1,0,ValidationError,"Too few valid pairs (1), skipping batch insertion","[{""English"": ""Dear Sir/Madam"", ""Italian"": ""Gentile Signore/Signora""}]"
2025-07-15T06:25:43.938849,Italian,Intermediate,Formal vs. informal language,pairs,3ad991ff-0be0-4a86-ba3f-bbb6f3fad8d3,0,ValidationError,"Too few valid pairs (1), skipping batch insertion","[{""English"": ""Dear Sir/Madam"", ""Italian"": ""Gentile Signore/Signora""}]"
2025-07-15T06:25:43.940733,Italian,Intermediate,Formal vs. informal language,pairs,e5e48c0b-5b65-4aa3-a0ae-c0fb36ce8428,0,ValidationError,"Too few valid pairs (1), skipping batch insertion","[{""English"": ""Dear Sir/Madam"", ""Italian"": ""Gentile Signore/Signora""}]"
2025-07-15T06:25:43.943305,Italian,Intermediate,Formal vs. informal language,pairs,5c0bc6a4-1a18-4ba1-978b-2c7149870efe,0,ValidationError,"Too few valid pairs (1), skipping batch insertion","[{""English"": ""Dear Sir/Madam"", ""Italian"": ""Gentile Signore/Signora""}]"
2025-07-15T06:25:43.945706,Italian,Intermediate,Formal vs. informal language,pairs,1673eef6-ea44-42f9-8d17-057c40779cda,0,ValidationError,"Too few valid pairs (1), skipping batch insertion","[{""English"": ""Dear Sir/Madam"", ""Italian"": ""Gentile Signore/Signora""}]"
2025-07-15T06:25:43.947817,Italian,Intermediate,Formal vs. informal language,pairs,2cf1206f-9398-436e-8a77-9a9d53015d99,0,ValidationError,"Too few valid pairs (1), skipping batch insertion","[{""English"": ""Dear Sir/Madam"", ""Italian"": ""Gentile Signore/Signora""}]"
2025-07-15T06:25:43.950278,Italian,Intermediate,Formal vs. informal language,pairs,d9bccd77-3d11-464e-b167-f5dcb5480384,0,ValidationError,"Too few valid pairs (1), skipping batch insertion","[{""English"": ""Dear Sir/Madam"", ""Italian"": ""Gentile Signore/Signora""}]"
2025-07-15T06:25:43.952355,Italian,Intermediate,Formal vs. informal language,pairs,b6bce53a-c731-460d-91c3-52ccad1b4ddc,0,ValidationError,"Too few valid pairs (1), skipping batch insertion","[{""English"": ""Dear Sir/Madam"", ""Italian"": ""Gentile Signore/Signora""}]"
2025-07-15T06:25:43.954506,Italian,Intermediate,Formal vs. informal language,pairs,aac93103-b643-4de3-816b-4b647bf046b6,0,ValidationError,"Too few valid pairs (1), skipping batch insertion","[{""English"": ""Dear Sir/Madam"", ""Italian"": ""Gentile Signore/Signora""}]"
2025-07-15T06:27:29.781842,Italian,Intermediate,Cultural customs and traditions,pairs,d540a44a-9e40-4ca7-b209-752c2ea674fa,0,ValidationError,"Too few valid pairs (1), skipping batch insertion","[{""English"": ""Festival"", ""Italian"": ""Festa""}]"
2025-07-15T06:27:29.785047,Italian,Intermediate,Cultural customs and traditions,pairs,4a995dbc-f391-47e1-9fde-28c0defbc7db,0,ValidationError,"Too few valid pairs (1), skipping batch insertion","[{""English"": ""Festival"", ""Italian"": ""Festa""}]"
2025-07-15T06:27:29.787378,Italian,Intermediate,Cultural customs and traditions,pairs,b155b145-ed3c-4133-88cf-62fec9cdda83,0,ValidationError,"Too few valid pairs (1), skipping batch insertion","[{""English"": ""Festival"", ""Italian"": ""Festa""}]"
2025-07-15T06:27:29.791494,Italian,Intermediate,Cultural customs and traditions,pairs,88f1cf87-e0a0-4cee-8140-f5fe88172656,0,ValidationError,"Too few valid pairs (1), skipping batch insertion","[{""English"": ""Festival"", ""Italian"": ""Festa""}]"
2025-07-15T06:27:29.794299,Italian,Intermediate,Cultural customs and traditions,pairs,dbee40a3-7bbe-48f9-bdc4-f3acf1b9e1f7,0,ValidationError,"Too few valid pairs (1), skipping batch insertion","[{""English"": ""Festival"", ""Italian"": ""Festa""}]"
2025-07-15T06:27:29.796771,Italian,Intermediate,Cultural customs and traditions,pairs,dced93a4-ed80-41c8-a5f2-ca5fb7a41e5e,0,ValidationError,"Too few valid pairs (1), skipping batch insertion","[{""English"": ""Festival"", ""Italian"": ""Festa""}]"
2025-07-15T06:27:29.799327,Italian,Intermediate,Cultural customs and traditions,pairs,1baa570d-16fd-4534-bbd5-7a9dae97668d,0,ValidationError,"Too few valid pairs (1), skipping batch insertion","[{""English"": ""Festival"", ""Italian"": ""Festa""}]"
2025-07-15T06:27:29.801475,Italian,Intermediate,Cultural customs and traditions,pairs,a240a197-5d8c-4dd5-abf3-748f57bc1f41,0,ValidationError,"Too few valid pairs (1), skipping batch insertion","[{""English"": ""Festival"", ""Italian"": ""Festa""}]"
2025-07-15T06:27:29.803854,Italian,Intermediate,Cultural customs and traditions,pairs,64187ae0-c485-40df-bd8a-4d172edca7d0,0,ValidationError,"Too few valid pairs (1), skipping batch insertion","[{""English"": ""Festival"", ""Italian"": ""Festa""}]"
2025-07-15T06:27:29.806030,Italian,Intermediate,Cultural customs and traditions,pairs,432eff6d-1cbd-428b-8dd2-4c65646bdfd1,0,ValidationError,"Too few valid pairs (1), skipping batch insertion","[{""English"": ""Festival"", ""Italian"": ""Festa""}]"
2025-07-15T06:31:57.244385,Italian,Advanced,Dates and appointments,pairs,9055d074-b2a0-4caa-ba4e-af9eb7b0628e,0,ValidationError,"Too few valid pairs (1), skipping batch insertion","[{""English"": ""To confirm"", ""Italian"": ""Confermare""}]"
2025-07-15T06:31:57.247047,Italian,Advanced,Dates and appointments,pairs,cc293735-a1ad-4aee-b754-6b7b5c5666dd,0,ValidationError,"Too few valid pairs (1), skipping batch insertion","[{""English"": ""To confirm"", ""Italian"": ""Confermare""}]"
2025-07-15T06:31:57.249402,Italian,Advanced,Dates and appointments,pairs,93036a49-385c-48ac-95a5-720bad694c8f,0,ValidationError,"Too few valid pairs (1), skipping batch insertion","[{""English"": ""To confirm"", ""Italian"": ""Confermare""}]"
2025-07-15T06:31:57.252448,Italian,Advanced,Dates and appointments,pairs,86451c72-c69d-40d0-9ca2-11c83bbaeec4,0,ValidationError,"Too few valid pairs (1), skipping batch insertion","[{""English"": ""To confirm"", ""Italian"": ""Confermare""}]"
2025-07-15T06:31:57.255329,Italian,Advanced,Dates and appointments,pairs,34347959-e496-43ce-80c8-7a7c50b485b7,0,ValidationError,"Too few valid pairs (1), skipping batch insertion","[{""English"": ""To confirm"", ""Italian"": ""Confermare""}]"
2025-07-15T06:31:57.258097,Italian,Advanced,Dates and appointments,pairs,9c46774c-8b1d-459b-b35d-bda1502d8fae,0,ValidationError,"Too few valid pairs (1), skipping batch insertion","[{""English"": ""To confirm"", ""Italian"": ""Confermare""}]"
2025-07-15T06:31:57.260211,Italian,Advanced,Dates and appointments,pairs,92612630-4037-4831-9c2b-9840b80c20b1,0,ValidationError,"Too few valid pairs (1), skipping batch insertion","[{""English"": ""To confirm"", ""Italian"": ""Confermare""}]"
2025-07-15T06:31:57.262473,Italian,Advanced,Dates and appointments,pairs,276c9548-3ee9-4138-8446-683a62a661c4,0,ValidationError,"Too few valid pairs (1), skipping batch insertion","[{""English"": ""To confirm"", ""Italian"": ""Confermare""}]"
2025-07-15T06:31:57.264859,Italian,Advanced,Dates and appointments,pairs,4ee9501d-0ed1-4121-b54a-5d8d09554568,0,ValidationError,"Too few valid pairs (1), skipping batch insertion","[{""English"": ""To confirm"", ""Italian"": ""Confermare""}]"
2025-07-15T06:31:57.267233,Italian,Advanced,Dates and appointments,pairs,c961a20b-556f-4b89-9eb6-fe671d252cc2,0,ValidationError,"Too few valid pairs (1), skipping batch insertion","[{""English"": ""To confirm"", ""Italian"": ""Confermare""}]"
2025-07-15T06:33:26.365121,Italian,Advanced,Clothing and appearance,pairs,a3e32f82-0541-468b-be1b-46c9fc3e97f8,0,ValidationError,"Too few valid pairs (1), skipping batch insertion","[{""English"": ""To accessorize"", ""Italian"": ""Abbinare accessori""}]"
2025-07-15T06:33:26.367233,Italian,Advanced,Clothing and appearance,pairs,8da10c0b-c58f-4b75-8663-fe01dd9a149b,0,ValidationError,"Too few valid pairs (1), skipping batch insertion","[{""English"": ""To accessorize"", ""Italian"": ""Abbinare accessori""}]"
2025-07-15T06:33:26.369119,Italian,Advanced,Clothing and appearance,pairs,ced36b3e-4180-472e-ba0c-e6d8a7911c4c,0,ValidationError,"Too few valid pairs (1), skipping batch insertion","[{""English"": ""To accessorize"", ""Italian"": ""Abbinare accessori""}]"
2025-07-15T06:33:26.371188,Italian,Advanced,Clothing and appearance,pairs,fc4cf6c7-8ef6-4e1b-bf69-678c94a32f90,0,ValidationError,"Too few valid pairs (1), skipping batch insertion","[{""English"": ""To accessorize"", ""Italian"": ""Abbinare accessori""}]"
2025-07-15T06:33:26.373712,Italian,Advanced,Clothing and appearance,pairs,6123d7dd-398a-4fcb-a88c-7e640cc1763a,0,ValidationError,"Too few valid pairs (1), skipping batch insertion","[{""English"": ""To accessorize"", ""Italian"": ""Abbinare accessori""}]"
2025-07-15T06:33:26.376021,Italian,Advanced,Clothing and appearance,pairs,124da407-51b3-46b0-8cfe-680855de661b,0,ValidationError,"Too few valid pairs (1), skipping batch insertion","[{""English"": ""To accessorize"", ""Italian"": ""Abbinare accessori""}]"
2025-07-15T06:33:26.378030,Italian,Advanced,Clothing and appearance,pairs,f769dfed-b0a4-4980-ad6e-fd8762e3b163,0,ValidationError,"Too few valid pairs (1), skipping batch insertion","[{""English"": ""To accessorize"", ""Italian"": ""Abbinare accessori""}]"
2025-07-15T06:33:26.380418,Italian,Advanced,Clothing and appearance,pairs,82b57a6a-c010-427d-bcef-a79ed56cc9ca,0,ValidationError,"Too few valid pairs (1), skipping batch insertion","[{""English"": ""To accessorize"", ""Italian"": ""Abbinare accessori""}]"
2025-07-15T06:33:26.382840,Italian,Advanced,Clothing and appearance,pairs,a85eccea-06bf-4407-9e53-2a3cf96d9ad3,0,ValidationError,"Too few valid pairs (1), skipping batch insertion","[{""English"": ""To accessorize"", ""Italian"": ""Abbinare accessori""}]"
2025-07-15T06:33:26.384876,Italian,Advanced,Clothing and appearance,pairs,33a04471-eb22-42c8-8f17-b5293ac690ef,0,ValidationError,"Too few valid pairs (1), skipping batch insertion","[{""English"": ""To accessorize"", ""Italian"": ""Abbinare accessori""}]"
2025-07-15T06:33:49.459403,Italian,Advanced,Home and furniture,pairs,d99c78b1-c4dd-4825-b1be-e240231deda7,0,ValidationError,"Too few valid pairs (1), skipping batch insertion","[{""English"": ""To declutter"", ""Italian"": ""Rimettere in ordine""}]"
2025-07-15T06:33:49.461567,Italian,Advanced,Home and furniture,pairs,f351253b-2b6c-4da2-bb97-9954b2109082,0,ValidationError,"Too few valid pairs (1), skipping batch insertion","[{""English"": ""To declutter"", ""Italian"": ""Rimettere in ordine""}]"
2025-07-15T06:33:49.463626,Italian,Advanced,Home and furniture,pairs,f0af316b-e131-4c36-abe2-285a964f097d,0,ValidationError,"Too few valid pairs (1), skipping batch insertion","[{""English"": ""To declutter"", ""Italian"": ""Rimettere in ordine""}]"
2025-07-15T06:33:49.465846,Italian,Advanced,Home and furniture,pairs,30af395e-32cd-4f66-b1d4-899534d0e0b0,0,ValidationError,"Too few valid pairs (1), skipping batch insertion","[{""English"": ""To declutter"", ""Italian"": ""Rimettere in ordine""}]"
2025-07-15T06:33:49.468096,Italian,Advanced,Home and furniture,pairs,71710d19-2900-478d-a922-be2ca6ccdb02,0,ValidationError,"Too few valid pairs (1), skipping batch insertion","[{""English"": ""To declutter"", ""Italian"": ""Rimettere in ordine""}]"
2025-07-15T06:33:49.470439,Italian,Advanced,Home and furniture,pairs,a6909781-2bd9-4eb9-9c9c-494bea9155e7,0,ValidationError,"Too few valid pairs (1), skipping batch insertion","[{""English"": ""To declutter"", ""Italian"": ""Rimettere in ordine""}]"
2025-07-15T06:33:49.472656,Italian,Advanced,Home and furniture,pairs,8facb27b-6cbb-4acf-b7bb-2ee846a49b3e,0,ValidationError,"Too few valid pairs (1), skipping batch insertion","[{""English"": ""To declutter"", ""Italian"": ""Rimettere in ordine""}]"
2025-07-15T06:33:49.475101,Italian,Advanced,Home and furniture,pairs,ecfc22bd-5ec2-4141-a8b4-b1b798327551,0,ValidationError,"Too few valid pairs (1), skipping batch insertion","[{""English"": ""To declutter"", ""Italian"": ""Rimettere in ordine""}]"
2025-07-15T06:33:49.477521,Italian,Advanced,Home and furniture,pairs,033890ea-8c41-4fe0-b309-e318e5fa2991,0,ValidationError,"Too few valid pairs (1), skipping batch insertion","[{""English"": ""To declutter"", ""Italian"": ""Rimettere in ordine""}]"
2025-07-15T06:33:49.479923,Italian,Advanced,Home and furniture,pairs,00df89b9-b0a0-4b17-882c-3ddbf047a019,0,ValidationError,"Too few valid pairs (1), skipping batch insertion","[{""English"": ""To declutter"", ""Italian"": ""Rimettere in ordine""}]"
2025-07-15T06:34:21.960271,Italian,Advanced,Common foods and beverages,pairs,a09223d5-9f73-4d71-9ca1-7ea67fd4138e,0,ValidationError,"Too few valid pairs (1), skipping batch insertion","[{""English"": ""to roast"", ""Italian"": ""arrostire""}]"
2025-07-15T06:34:21.963370,Italian,Advanced,Common foods and beverages,pairs,6f8c14df-4d6f-4272-82ac-3dfcba51bfd2,0,ValidationError,"Too few valid pairs (1), skipping batch insertion","[{""English"": ""to roast"", ""Italian"": ""arrostire""}]"
2025-07-15T06:34:21.965246,Italian,Advanced,Common foods and beverages,pairs,ee6ed40b-77ac-4176-8d23-0d27d59a2eb1,0,ValidationError,"Too few valid pairs (1), skipping batch insertion","[{""English"": ""to roast"", ""Italian"": ""arrostire""}]"
2025-07-15T06:34:21.967272,Italian,Advanced,Common foods and beverages,pairs,59754c37-010d-410a-b394-c8efa69df05f,0,ValidationError,"Too few valid pairs (1), skipping batch insertion","[{""English"": ""to roast"", ""Italian"": ""arrostire""}]"
2025-07-15T06:34:21.969939,Italian,Advanced,Common foods and beverages,pairs,98c03cd6-3f40-406a-8dae-556a261eae93,0,ValidationError,"Too few valid pairs (1), skipping batch insertion","[{""English"": ""to roast"", ""Italian"": ""arrostire""}]"
2025-07-15T06:34:21.972035,Italian,Advanced,Common foods and beverages,pairs,544b983d-7613-4d0d-b046-70205ca5c7ff,0,ValidationError,"Too few valid pairs (1), skipping batch insertion","[{""English"": ""to roast"", ""Italian"": ""arrostire""}]"
2025-07-15T06:34:21.974404,Italian,Advanced,Common foods and beverages,pairs,533e0cb0-5a3e-4fb6-b7b8-4def4afe7b2e,0,ValidationError,"Too few valid pairs (1), skipping batch insertion","[{""English"": ""to roast"", ""Italian"": ""arrostire""}]"
2025-07-15T06:34:21.976492,Italian,Advanced,Common foods and beverages,pairs,e0384dd7-960d-4d88-ae10-84fc0bf47a34,0,ValidationError,"Too few valid pairs (1), skipping batch insertion","[{""English"": ""to roast"", ""Italian"": ""arrostire""}]"
2025-07-15T06:34:21.978824,Italian,Advanced,Common foods and beverages,pairs,df22e463-b046-4b4f-9e8c-4e3269539b24,0,ValidationError,"Too few valid pairs (1), skipping batch insertion","[{""English"": ""to roast"", ""Italian"": ""arrostire""}]"
2025-07-15T06:34:21.981201,Italian,Advanced,Common foods and beverages,pairs,557886ea-ba08-4cec-a62a-60921a5cd01e,0,ValidationError,"Too few valid pairs (1), skipping batch insertion","[{""English"": ""to roast"", ""Italian"": ""arrostire""}]"
2025-07-15T06:39:28.900477,Italian,Advanced,Transportation methods,pairs,2477797d-069a-477e-accc-41df5f93d261,0,ValidationError,"Too few valid pairs (1), skipping batch insertion","[{""English"": ""to navigate through traffic"", ""Italian"": ""navigare nel traffico""}]"
2025-07-15T06:39:28.902719,Italian,Advanced,Transportation methods,pairs,91ffe0fa-3a44-4490-b34b-21b20a147070,0,ValidationError,"Too few valid pairs (1), skipping batch insertion","[{""English"": ""to navigate through traffic"", ""Italian"": ""navigare nel traffico""}]"
2025-07-15T06:39:28.904862,Italian,Advanced,Transportation methods,pairs,581a2d86-da4d-4ed3-a779-de05222f1a4e,0,ValidationError,"Too few valid pairs (1), skipping batch insertion","[{""English"": ""to navigate through traffic"", ""Italian"": ""navigare nel traffico""}]"
2025-07-15T06:39:28.907087,Italian,Advanced,Transportation methods,pairs,7099b613-ddc7-4262-89e8-64f1f3938031,0,ValidationError,"Too few valid pairs (1), skipping batch insertion","[{""English"": ""to navigate through traffic"", ""Italian"": ""navigare nel traffico""}]"
2025-07-15T06:39:28.909786,Italian,Advanced,Transportation methods,pairs,dea15dd4-d382-47e4-bb80-907d692ed66d,0,ValidationError,"Too few valid pairs (1), skipping batch insertion","[{""English"": ""to navigate through traffic"", ""Italian"": ""navigare nel traffico""}]"
2025-07-15T06:39:28.911859,Italian,Advanced,Transportation methods,pairs,23e2e93a-8f14-4c9d-a07b-d1942917d503,0,ValidationError,"Too few valid pairs (1), skipping batch insertion","[{""English"": ""to navigate through traffic"", ""Italian"": ""navigare nel traffico""}]"
2025-07-15T06:39:28.913836,Italian,Advanced,Transportation methods,pairs,1deb3320-0086-4419-aaee-736d3f8950a3,0,ValidationError,"Too few valid pairs (1), skipping batch insertion","[{""English"": ""to navigate through traffic"", ""Italian"": ""navigare nel traffico""}]"
2025-07-15T06:39:28.916100,Italian,Advanced,Transportation methods,pairs,aa213bc9-415d-49f5-8704-1e24c1415295,0,ValidationError,"Too few valid pairs (1), skipping batch insertion","[{""English"": ""to navigate through traffic"", ""Italian"": ""navigare nel traffico""}]"
2025-07-15T06:39:28.918642,Italian,Advanced,Transportation methods,pairs,170fccd1-c89d-4a95-a154-25b07ac998d5,0,ValidationError,"Too few valid pairs (1), skipping batch insertion","[{""English"": ""to navigate through traffic"", ""Italian"": ""navigare nel traffico""}]"
2025-07-15T06:39:28.920928,Italian,Advanced,Transportation methods,pairs,d6149e07-816e-4d13-8c70-63652f19b0eb,0,ValidationError,"Too few valid pairs (1), skipping batch insertion","[{""English"": ""to navigate through traffic"", ""Italian"": ""navigare nel traffico""}]"
2025-07-15T06:42:38.186763,Italian,Advanced,Medical emergencies,pairs,5cbe2c97-0d1e-4760-9d59-b8c842aa22fc,0,ValidationError,"Too few valid pairs (1), skipping batch insertion","[{""English"": ""cardiac arrest"", ""Italian"": ""arresto cardiaco""}]"
2025-07-15T06:42:38.188755,Italian,Advanced,Medical emergencies,pairs,8362472f-cea2-48be-acc6-43a11da6aac0,0,ValidationError,"Too few valid pairs (1), skipping batch insertion","[{""English"": ""cardiac arrest"", ""Italian"": ""arresto cardiaco""}]"
2025-07-15T06:42:38.190732,Italian,Advanced,Medical emergencies,pairs,5e7905d1-8de8-402a-a548-4adfb59771a3,0,ValidationError,"Too few valid pairs (1), skipping batch insertion","[{""English"": ""cardiac arrest"", ""Italian"": ""arresto cardiaco""}]"
2025-07-15T06:42:38.192908,Italian,Advanced,Medical emergencies,pairs,629d2920-664e-41db-9836-028491c5d45f,0,ValidationError,"Too few valid pairs (1), skipping batch insertion","[{""English"": ""cardiac arrest"", ""Italian"": ""arresto cardiaco""}]"
2025-07-15T06:42:38.195397,Italian,Advanced,Medical emergencies,pairs,a0b14474-263a-46bf-b827-7fc22e62413e,0,ValidationError,"Too few valid pairs (1), skipping batch insertion","[{""English"": ""cardiac arrest"", ""Italian"": ""arresto cardiaco""}]"
2025-07-15T06:42:38.197539,Italian,Advanced,Medical emergencies,pairs,d1845461-479d-494f-acee-f26a951b5af7,0,ValidationError,"Too few valid pairs (1), skipping batch insertion","[{""English"": ""cardiac arrest"", ""Italian"": ""arresto cardiaco""}]"
2025-07-15T06:42:38.199652,Italian,Advanced,Medical emergencies,pairs,fe0c8513-c40e-41ef-938e-7ba568c93523,0,ValidationError,"Too few valid pairs (1), skipping batch insertion","[{""English"": ""cardiac arrest"", ""Italian"": ""arresto cardiaco""}]"
2025-07-15T06:42:38.202354,Italian,Advanced,Medical emergencies,pairs,b3b0e5f1-862c-4040-a4d9-e8528266f2f8,0,ValidationError,"Too few valid pairs (1), skipping batch insertion","[{""English"": ""cardiac arrest"", ""Italian"": ""arresto cardiaco""}]"
2025-07-15T06:42:38.204708,Italian,Advanced,Medical emergencies,pairs,6e831f2d-8927-4f39-bcf1-beb3020e5466,0,ValidationError,"Too few valid pairs (1), skipping batch insertion","[{""English"": ""cardiac arrest"", ""Italian"": ""arresto cardiaco""}]"
2025-07-15T06:42:38.206867,Italian,Advanced,Medical emergencies,pairs,054472dd-fef3-4d2b-a72e-171e0ddb6c3e,0,ValidationError,"Too few valid pairs (1), skipping batch insertion","[{""English"": ""cardiac arrest"", ""Italian"": ""arresto cardiaco""}]"
2025-07-15T06:47:57.328783,Italian,Advanced,School and studying,pairs,a1f26ae5-a8a3-4d28-a293-be80af0215bc,0,ValidationError,"Too few valid pairs (1), skipping batch insertion","[{""English"": ""to collaborate"", ""Italian"": ""collaborare""}]"
2025-07-15T06:47:57.331114,Italian,Advanced,School and studying,pairs,50118ae4-9c37-4038-adeb-92449e3b995f,0,ValidationError,"Too few valid pairs (1), skipping batch insertion","[{""English"": ""to collaborate"", ""Italian"": ""collaborare""}]"
2025-07-15T06:47:57.333992,Italian,Advanced,School and studying,pairs,337c3c43-3213-44e4-9e7d-b964d2047e1d,0,ValidationError,"Too few valid pairs (1), skipping batch insertion","[{""English"": ""to collaborate"", ""Italian"": ""collaborare""}]"
2025-07-15T06:47:57.335866,Italian,Advanced,School and studying,pairs,2f20ecc2-2c70-4d8e-b5b8-5a7b8e39a07b,0,ValidationError,"Too few valid pairs (1), skipping batch insertion","[{""English"": ""to collaborate"", ""Italian"": ""collaborare""}]"
2025-07-15T06:47:57.338487,Italian,Advanced,School and studying,pairs,155ba067-03c5-4457-bbed-5a723143a520,0,ValidationError,"Too few valid pairs (1), skipping batch insertion","[{""English"": ""to collaborate"", ""Italian"": ""collaborare""}]"
2025-07-15T06:47:57.340722,Italian,Advanced,School and studying,pairs,8e786d12-88d7-4e36-89a4-7cc1263b4ffa,0,ValidationError,"Too few valid pairs (1), skipping batch insertion","[{""English"": ""to collaborate"", ""Italian"": ""collaborare""}]"
2025-07-15T06:47:57.342956,Italian,Advanced,School and studying,pairs,852f0675-b719-43dc-ae16-cdd1b2f26983,0,ValidationError,"Too few valid pairs (1), skipping batch insertion","[{""English"": ""to collaborate"", ""Italian"": ""collaborare""}]"
2025-07-15T06:47:57.345384,Italian,Advanced,School and studying,pairs,8bb30af5-4e1d-4395-8ec2-0928111fa326,0,ValidationError,"Too few valid pairs (1), skipping batch insertion","[{""English"": ""to collaborate"", ""Italian"": ""collaborare""}]"
2025-07-15T06:47:57.347500,Italian,Advanced,School and studying,pairs,4abae0ff-cd0b-428d-8ab3-95b4beb8ac82,0,ValidationError,"Too few valid pairs (1), skipping batch insertion","[{""English"": ""to collaborate"", ""Italian"": ""collaborare""}]"
2025-07-15T06:47:57.349655,Italian,Advanced,School and studying,pairs,a7d23f08-a407-4f8f-8fc2-6c3221544f04,0,ValidationError,"Too few valid pairs (1), skipping batch insertion","[{""English"": ""to collaborate"", ""Italian"": ""collaborare""}]"
